pdbid,logka,cluster,vina_score
1a30,4.3,9,4.9990
1bcu,3.28,34,6.5660
1bzc,4.92,25,8.6410
1c5z,4.01,37,5.4340
1e66,9.89,16,11.6870
1eby,9.7,9,11.7280
1g2k,7.96,9,11.4800
1gpk,5.37,16,10.1290
1gpn,6.48,16,10.0130
1h22,9.1,16,9.7140
1h23,8.35,16,9.6670
1k1i,6.58,47,7.7650
1lpg,7.09,45,7.9940
1mq6,11.15,45,10.0990
1nc1,6.12,46,7.5200
1nc3,5.0,46,9.3570
1nvq,8.25,32,13.1950
1o0h,5.92,57,6.3030
1o3f,7.96,47,7.8310
1o5b,5.77,37,5.8550
1owh,7.4,37,7.4460
1oyt,7.24,34,10.8510
1p1n,6.8,41,7.1950
1p1q,4.89,41,4.8820
1ps3,2.28,11,6.9700
1pxn,7.15,29,8.7100
1q8t,4.76,26,6.4470
1q8u,5.96,26,8.2730
1qf1,7.32,27,6.7450
1qkt,9.04,44,9.2010
1r5y,6.46,21,7.0890
1s38,5.15,21,8.1510
1sqa,9.21,37,8.1330
1syi,5.44,41,8.7810
1u1b,7.8,57,7.3930
1uto,2.27,47,4.1820
1vso,4.72,43,5.6950
1w4o,5.22,57,5.2510
1y6r,10.11,46,9.3410
1yc1,6.17,39,9.4360
1ydr,5.52,26,7.5610
1ydt,7.32,26,8.3410
1z6e,9.72,45,10.9170
1z95,7.12,40,9.8940
1z9g,5.64,27,4.8660
2al5,8.4,41,8.5410
2br1,5.14,32,7.8240
2brb,4.86,32,7.8790
2c3i,7.6,6,8.8770
2cbv,5.48,18,6.5150
2cet,8.02,18,7.8360
2fvd,8.52,29,8.8880
2fxs,6.06,48,5.3620
2hb1,3.8,25,5.5670
2iwx,6.68,48,8.6230
2j78,6.42,18,6.8090
2j7h,7.19,18,5.7310
2p15,10.3,44,13.7440
2p4y,9.0,35,10.8360
2pog,9.54,44,9.5520
2qbp,8.4,25,8.6040
2qbq,7.44,25,8.0150
2qbr,6.33,25,7.4660
2qe4,7.96,44,9.1290
2qnq,6.11,9,8.8760
2r9w,5.1,24,7.6790
2v00,3.66,2,6.8950
2v7a,8.3,7,9.9770
2vkm,8.74,19,10.4150
2vvn,7.3,13,7.5410
2vw5,8.52,48,9.8330
2w4x,4.85,13,5.8570
2w66,4.05,13,6.4520
2wbg,4.45,18,7.1770
2wca,5.6,13,6.1180
2weg,6.5,38,5.0650
2wer,7.05,48,8.6190
2wn9,8.52,50,7.0220
2wnc,6.32,50,7.5670
2wtv,8.74,36,11.0020
2wvt,6.12,20,5.0070
2x00,11.33,50,13.4680
2xb8,7.59,53,9.6700
2xbv,8.43,45,11.4620
2xdl,3.1,39,6.2730
2xii,7.2,20,9.0220
2xj7,6.66,13,8.2470
2xnb,6.83,29,9.7450
2xys,7.42,50,10.2850
2y5h,5.79,45,7.6460
2yfe,6.63,35,7.4800
2yge,5.06,48,8.9970
2yki,9.46,39,15.3060
2ymd,3.16,50,6.8570
2zb1,6.32,22,10.5200
2zcq,8.82,33,8.1050
2zcr,6.87,33,8.6590
2zda,8.4,34,9.6490
2zy1,7.4,33,8.6150
3acw,4.76,33,10.2400
3ag9,8.05,26,5.4150
3ao4,2.07,52,6.0270
3arp,7.15,14,8.7570
3arq,6.4,14,8.7590
3aru,3.22,14,5.5240
3arv,5.64,14,8.2290
3ary,6.0,14,5.4990
3b1m,8.48,35,10.4960
3b27,5.16,39,6.8880
3b5r,8.77,40,9.8080
3b65,9.27,40,9.6970
3b68,8.4,40,10.3550
3bgz,6.26,6,10.5320
3bv9,5.36,34,8.5120
3cj4,6.51,15,6.8330
3coy,6.02,28,10.2300
3coz,5.57,28,9.7310
3d4z,4.89,11,5.2830
3d6q,3.76,57,4.8550
3dd0,9.0,38,5.4850
3dx1,3.58,11,5.2000
3dx2,6.82,11,5.5240
3dxg,2.4,57,4.5850
3e5a,8.23,36,8.7570
3e92,8.0,22,12.5880
3e93,8.85,22,13.3340
3ebp,5.91,12,8.9840
3ehy,5.85,56,5.1200
3ejr,8.57,11,7.5990
3f3a,4.19,17,6.7850
3f3c,6.02,17,7.4760
3f3d,7.16,17,5.2440
3f3e,7.7,17,6.1350
3fcq,2.77,27,3.9070
3fur,8.0,35,11.0880
3fv1,9.3,43,9.6450
3fv2,8.11,43,9.6680
3g0w,9.52,40,10.0920
3g2n,4.09,12,8.7490
3g2z,2.36,42,4.4140
3g31,2.89,42,3.0830
3gbb,6.9,43,8.2910
3gc5,7.26,21,9.4510
3ge7,8.7,21,10.1430
3gnw,9.1,15,11.8300
3gr2,2.52,24,4.7850
3gv9,2.12,24,4.1650
3gy4,5.1,47,5.9440
3ivg,4.3,28,7.7160
3jvr,5.72,32,7.0470
3jvs,6.54,32,7.5190
3jya,6.89,6,7.4910
3k5v,6.3,7,8.8470
3kgp,2.57,37,4.2770
3kr8,8.1,49,11.3800
3kwa,4.08,38,2.5460
3l7b,2.4,12,8.5310
3lka,2.82,56,5.2670
3mss,4.66,7,5.9510
3myg,10.7,36,6.3220
3n76,6.85,53,10.2550
3n7a,3.7,53,7.1410
3n86,5.64,53,10.9250
3nq9,4.03,55,2.7700
3nw9,9.0,51,10.8890
3nx7,8.1,56,5.5010
3o9i,11.82,9,9.5960
3oe4,7.47,51,9.5650
3oe5,6.88,51,9.2770
3ozs,5.33,51,9.5050
3ozt,4.13,51,10.0960
3p5o,7.3,10,8.6210
3prs,7.82,2,8.6410
3pww,7.32,2,10.9120
3pxf,4.43,29,5.6850
3pyy,6.86,7,8.7710
3qgy,7.8,3,8.6990
3qqs,5.82,23,7.5480
3r88,4.82,23,5.1940
3rlr,7.52,39,8.6550
3rr4,4.55,21,7.7910
3rsx,4.41,19,7.0880
3ryj,7.8,38,5.8660
3syr,5.1,12,9.6300
3tsk,7.17,56,7.9390
3twp,3.92,23,4.3690
3u5j,5.61,10,8.7220
3u8k,8.66,8,6.5330
3u8n,10.17,8,6.6930
3u9q,4.38,35,4.3580
3udh,2.85,19,7.1140
3ueu,5.24,55,4.6810
3uev,5.89,55,5.0760
3uew,6.31,55,4.7330
3uex,6.92,55,5.2510
3ui7,9.0,1,7.9410
3uo4,6.52,36,9.8150
3up2,7.4,36,9.6050
3uri,9.0,2,7.1420
3utu,10.92,34,9.7620
3uuo,7.96,1,7.9110
3wtj,6.53,8,6.3240
3wz8,5.82,2,9.0020
3zdg,7.1,8,4.8720
3zso,5.12,52,8.0290
3zsx,3.28,52,7.3890
3zt2,2.84,52,9.3430
4abg,3.57,47,5.5250
4agn,3.97,5,5.3950
4agp,4.69,5,6.1190
4agq,5.01,5,6.3410
4bkt,3.62,54,6.0730
4cig,3.67,52,7.6070
4ciw,4.82,53,7.5290
4cr9,4.1,4,5.9660
4cra,7.22,4,9.7140
4crc,8.72,4,9.6900
4ddh,3.32,28,5.7850
4ddk,2.29,28,5.7290
4de1,5.96,42,8.1050
4de2,4.12,42,7.8570
4de3,5.52,42,8.3140
4djv,6.72,19,9.3640
4dld,5.82,43,7.1910
4dli,5.62,22,9.2530
4e5w,7.66,30,10.3240
4e6q,8.36,31,8.9200
4ea2,6.44,33,7.5840
4eky,3.52,12,8.4820
4eo8,8.15,15,7.5150
4eor,6.3,29,9.0540
4f09,6.7,31,8.2120
4f2w,11.3,46,8.7710
4f3c,11.82,46,8.6740
4f9w,6.94,22,10.7830
4gfm,7.22,31,7.3270
4gid,10.77,19,10.8050
4gkm,5.17,23,7.2850
4gr0,9.55,56,9.8280
4hge,7.92,31,8.9170
4ih5,4.11,15,5.5360
4ih7,5.24,15,7.0050
4ivb,8.72,30,9.3150
4ivc,10.0,30,9.3510
4ivd,9.52,30,8.5090
4j21,7.41,49,11.6660
4j28,5.7,20,6.0940
4j3l,7.8,49,10.7460
4jfs,5.27,20,6.1580
4jia,9.22,31,9.3820
4jsz,2.3,38,3.5670
4jxs,4.74,24,6.8840
4k18,8.96,6,8.8430
4k77,6.63,30,7.5630
4kz6,3.1,24,5.0970
4kzq,6.1,49,10.8040
4kzu,6.5,49,11.3450
4llx,2.89,1,5.1690
4lzs,4.8,10,6.3030
4m0y,6.46,3,7.2460
4m0z,5.19,3,10.5990
4mgd,4.69,44,7.7440
4mme,6.5,17,9.3920
4ogj,6.79,10,6.9200
4owm,2.96,23,4.6470
4pcs,7.85,20,6.8550
4qac,9.4,8,11.2770
4qd6,8.64,3,6.7300
4rfm,10.05,3,11.0860
4tmn,10.17,27,8.1090
4twp,10.0,7,8.3090
4ty7,9.52,4,9.6180
4u4s,2.92,41,5.4650
4w9c,4.65,54,7.3160
4w9h,6.73,54,7.9750
4w9i,5.96,54,8.1480
4w9l,5.02,54,7.9940
4wiv,6.26,10,7.6620
4x6p,8.3,4,10.5110
5a7b,3.57,5,6.3590
5aba,2.98,5,5.1870
5c28,5.66,1,5.8920
5c2h,11.09,1,10.0100
5dwr,11.22,6,10.5030
5tmn,8.04,27,7.1390
