model,target_id,n_generated,validity,connected,qed_mean,sa_mean,logp_mean,lipinski_frac,veber_frac,pains_free_frac,vina_score_median,vina_score_mean,vina_min_median,vina_min_mean,pb_valid_rate,clash_mean,clash_free_rate,strain_median,tanimoto_ref_mean,div_n_valid,div_uniqueness,div_internal_diversity,div_scaffold_diversity,div_novelty,ref_vina_score,ref_vina_min,ref_vina_dock,hit_rate,hit_scaffold_unique_rate
own,MENE_BACSU_2_486_0,100,1.0,1.0,0.5360106917839476,6.763358392979988,-0.2644544000000002,0.95,0.06,0.98,-6.275,-6.654242424242424,-6.73,-6.920808080808082,0.5376344086021505,0.0,1.0,579.7111403010924,0.11049021424803561,100,0.71,0.643433334727125,0.57,,-7.182,-7.475,,0.0,0.0
own,PYRE_BACAN_1_210_0,100,1.0,1.0,0.5257839967364061,6.244648198153055,0.43008099999999994,1.0,0.02,0.92,,,,,0.46,0.0,1.0,646.2435063502256,0.09150520892572951,100,0.68,0.6520261850263592,0.49,,,,,0.0,0.0
own,NQO1_HUMAN_2_274_0__1dxo_C_rec,100,1.0,1.0,0.4182792140120467,6.551859945664407,-0.7659309000000001,1.0,0.29,0.85,-1.9540000000000002,-2.0033200000000004,-3.1475,-3.2338399999999994,0.08080808080808081,0.0,1.0,1053.8699664798828,0.05274862448502451,100,1.0,0.858796257551778,0.83,,-3.341,-3.251,,0.0,0.0
own,EFTU1_ECOLI_2_178_0,100,1.0,1.0,0.46707340064115116,6.610822122326322,-0.5491885,1.0,0.0,1.0,,,,,0.77,0.0,1.0,598.60647946471,0.11309383045251357,100,0.41,0.5117428120623673,0.3,,,,,0.0,0.0
own,BGL07_ORYSJ_25_504_0,100,1.0,1.0,0.22362475091144138,7.042113769060615,-0.38405710000000004,0.95,0.06,0.83,-7.6775,-7.6219,-8.047,-8.157879999999999,0.0707070707070707,0.03,0.99,2057.184730212277,0.05491928327896023,100,1.0,0.8614401931999716,0.97,,-10.768,-10.77,,0.0,0.0
own,XANLY_BACGL_26_777_0,100,1.0,1.0,0.4584282261881964,6.557873370350659,-1.0136785000000001,1.0,0.45,0.84,-5.355,-5.341519999999999,-5.7935,-5.707150000000001,0.23,0.0,1.0,799.2151136535806,0.06800817386589197,100,1.0,0.8691880215705847,0.86,,-6.218,-6.287,,0.0,0.0
own,PAC_ECOLX_27_846_0,100,1.0,1.0,0.5108071594493692,6.815710272900307,-0.33122340000000017,1.0,0.95,1.0,-5.615,-5.71605,-5.547000000000001,-5.648619999999999,0.18181818181818182,0.0,1.0,930.4544534448117,0.06738966294508192,100,0.99,0.876743424585048,0.79,,-6.871,-6.932,,0.0,0.0
own,LMBL1_HUMAN_198_526_0__2pqw_A_rec,100,1.0,1.0,0.4953951071443109,6.887301120577877,-1.1469463999999998,1.0,0.69,1.0,-4.7745,-5.07566,-4.882,-5.07292,0.15,0.01,0.99,829.2201163208301,0.04982176789130121,100,0.94,0.8625230092255792,0.74,,-3.697,-3.697,,0.0,0.0
own,COTA_BACSU_1_513_0,100,1.0,1.0,0.5066648781421559,6.22370813953735,0.703306,1.0,0.94,0.98,-4.640499999999999,-4.715999999999999,-4.9,-4.89865,0.3,0.0,1.0,487.6941378441339,0.06476732352715722,100,0.43,0.5749286005831873,0.3,,-4.563,-4.542,,0.0,0.0
own,IDHP_HUMAN_40_452_0,100,1.0,1.0,0.4338536216839561,7.2445798036076505,0.8184568000000002,1.0,0.62,0.97,,,,,0.02127659574468085,0.04,0.98,3969.5472638066713,0.04585465016947242,100,1.0,0.895766647647066,0.99,,,,,0.0,0.0
own,CHIB1_ASPFM_39_433_0,100,1.0,1.0,0.4656474503676949,6.4915657527564425,-0.8472658999999999,1.0,1.0,1.0,,,,,0.0,0.03,0.98,574.442586534332,0.03598389828183587,100,0.55,0.7558227101992814,0.47,,,,,0.0,0.0
own,AROE_THET8_1_263_0,100,1.0,1.0,0.4370332925494569,6.409893542641808,-0.2718840000000001,1.0,0.86,0.93,-4.6805,-4.727570000000001,-5.0685,-5.280449999999999,0.26,0.01,0.99,588.0731249080052,0.06409313984254808,100,1.0,0.8865058751847856,0.78,,-5.533,-5.587,,0.0,0.0
own,RIBB_VIBCH_2_218_0,100,1.0,1.0,0.45362193116327204,5.798927628268129,0.03272149999999995,1.0,0.15,0.99,,,,,0.53,0.0,1.0,403.54269036580695,0.11866065582652344,100,0.41,0.5473105470399153,0.17,,,,,0.0,0.0
own,HDHA_ECOLI_1_255_0,100,1.0,1.0,0.4860991208954318,6.9200427924873384,-0.9860082999999997,1.0,0.53,0.98,-6.713,-6.70759,-6.836,-6.81461,0.1326530612244898,0.01,0.99,1205.3271646760033,0.06017424860660689,100,1.0,0.8910538132146579,0.898989898989899,,-9.723,-9.795,,0.0,0.0
own,AK1BA_HUMAN_1_316_0,100,1.0,1.0,0.5265927850173032,7.095737863523999,0.5000896000000001,1.0,1.0,0.68,,,,,0.46464646464646464,0.0,1.0,293.64142917493206,0.07053569825848932,100,0.37,0.4571949592167476,0.36,,,,,0.0,0.0
own,NR1H4_HUMAN_258_486_0,100,1.0,1.0,0.3460044803237507,7.35895464582997,0.4433108999999999,1.0,0.97,1.0,,,,,0.01,0.0,1.0,1049.8204107826227,0.12188631831532103,100,0.49,0.4700371805723754,0.39,,,,,0.0,0.0
own,BACE2_HUMAN_76_460_0,100,1.0,1.0,0.3573180141746883,6.8983250944350765,0.5065123000000002,1.0,0.48,0.96,,,,,0.43434343434343436,0.0,1.0,825.9169986369909,0.046081572522410734,100,0.88,0.7701604485759631,0.84,,,,,0.0,0.0
own,TRAR_RHIRD_1_234_0,100,1.0,1.0,0.5415550056420402,7.309575704698554,0.3386901000000001,1.0,0.96,1.0,-10.7165,-10.50837,-9.777999999999999,-9.86016,0.04081632653061224,0.04,0.99,1727.3522554663393,0.064447183468373,100,1.0,0.8989177671413714,0.94,,-7.622,-7.597,,0.0,0.0
own,CD38_HUMAN_44_300_0,100,1.0,1.0,0.40284372644914085,6.7457082802863315,-0.24043260000000008,0.99,0.01,0.87,-6.497,-6.4544500000000005,-6.810499999999999,-6.79696,0.12121212121212122,0.0,1.0,926.6580842621818,0.05517792680484437,100,0.68,0.6559700731886658,0.44,,-9.943,-9.841,,0.0,0.0
own,HDAC8_HUMAN_1_377_0,100,1.0,1.0,0.35303364627563505,7.200995575173314,-0.47297010000000006,1.0,0.55,0.97,,,,,0.0,0.0,1.0,2471.2248155197935,0.030466155246134427,100,1.0,0.8857903182784398,0.74,,,,,0.0,0.0
own,PA21B_PIG_23_146_0,100,1.0,1.0,0.5869897453647632,6.543682761227145,0.3241593,1.0,0.97,0.99,,,,,0.74,0.02,0.99,483.56949963901417,0.059824433683609735,100,0.83,0.6129016194054462,0.58,,,,,0.0,0.0
own,P2Y12_HUMAN_1_342_0,100,1.0,1.0,0.39442738445249853,7.126984322711533,0.5976704,1.0,0.52,0.96,-8.8955,-9.00271,-8.0655,-8.346650000000002,0.10309278350515463,0.0,1.0,2103.513459262222,0.05190493164505686,100,1.0,0.8959418105293474,0.88,,-10.428,-10.513,,0.0,0.0
own,DIDH_RAT_1_319_0,100,1.0,1.0,0.6112215613942282,7.236378901795758,0.8213428000000002,1.0,0.9,0.98,-6.6735,-6.666130000000001,-7.02,-7.060010000000001,0.22,0.0,1.0,804.3148918354733,0.05663514770396476,100,1.0,0.8718152668944982,0.96,,-8.816,-8.838,,0.0,0.0
own,GSTP1_HUMAN_2_210_0,100,1.0,1.0,0.6980457123767377,6.401353002965859,1.0817412999999998,1.0,0.68,0.35,-6.162,-6.14968,-7.1965,-7.159659999999999,0.74,0.0,1.0,176.749736375961,0.10909514560407586,100,0.07,0.14124636663609913,0.07,,-7.102,-7.094,,0.0,0.0
own,BSD_ASPTE_1_130_0,100,1.0,1.0,0.3658786272555762,6.909212544443314,-1.2060348999999997,1.0,0.14,0.86,,,,,0.07291666666666667,0.46,0.95,2460.707452688057,0.06458894848325893,100,1.0,0.8803196342423937,0.95,,,,,0.0,0.0
own,PLCD1_RAT_134_756_0,100,1.0,1.0,0.6178907326590903,5.343586157776225,0.44094300000000003,1.0,0.0,0.71,-3.6285,-3.63094,-5.305,-5.2156899999999995,0.87,0.0,1.0,401.7516886243963,0.1210174429838035,100,0.17,0.3041543000978443,0.14,,-5.501,-5.586,,0.0,0.0
own,BGAT_HUMAN_63_353_0,100,1.0,1.0,0.393770817726038,6.434792855738803,-1.3881191000000002,1.0,0.13,0.82,,,,,0.08,0.0,1.0,1165.941863789944,0.0754676839330554,100,1.0,0.821629137650401,0.84,,,,,0.0,0.0
own,UBE2T_HUMAN_1_156_0,100,1.0,1.0,0.6077387843026253,7.233759528179239,1.0207338,1.0,0.99,0.98,-3.9395,-3.7479699999999996,-4.1,-4.10453,0.37373737373737376,0.01,0.99,516.5950999514711,0.05732023932959441,100,0.91,0.873336870929748,0.71,,-4.231,-4.195,,0.0,0.0
own,PYRD_TRYCC_2_314_catalytic_0__3w83_B_rec,100,1.0,1.0,0.4746620990888063,6.922752380567525,0.33473099999999995,1.0,0.98,0.96,-4.6259999999999994,-4.69565,-4.9675,-5.065409999999999,0.41836734693877553,0.02,0.98,459.30625179768737,0.03729572946587835,100,0.75,0.8846569123746089,0.7,,-2.969,-3.129,,0.0,0.0
own,ROCO4_DICDI_1009_1292_0,100,1.0,1.0,0.38127153426615573,7.244979274804743,0.46570090000000003,1.0,0.0,0.96,,,,,0.1,0.0,1.0,1108.2963802149293,0.10991371382390992,100,0.92,0.6258126886438835,0.52,,,,,0.0,0.0
own,IPMK_HUMAN_49_416_0,100,1.0,1.0,0.478653142565504,6.981996751851269,0.12050839999999984,0.99,0.0,0.97,,,,,0.23,0.0,1.0,770.5954447023109,0.11150899433735298,100,0.8,0.5949711915638571,0.5,,,,,0.0,0.0
own,BAZ2A_HUMAN_1795_1898_0,100,1.0,1.0,0.5354155402503644,7.114081911721686,0.1695048999999999,1.0,0.91,0.96,-3.8785,-4.02597,-4.4215,-4.442939999999999,0.03,0.0,1.0,1413.66879493918,0.05666496541780594,100,0.91,0.894735371588486,0.8484848484848485,,-4.114,-4.138,,0.0,0.0
own,CHOD_BREST_46_552_0,100,1.0,1.0,0.6157740468451119,6.327370462061607,-0.5240936999999998,1.0,0.62,1.0,-6.9825,-6.89457,-6.9615,-6.85994,0.32323232323232326,0.0,1.0,595.6043308499304,0.046801345911316045,100,0.49,0.7212402646514526,0.24,,-9.593,-9.585,,0.0,0.0
own,PHP_SULSO_1_314_0,100,1.0,1.0,0.42157033896646356,6.9512113654910594,0.3892838999999999,1.0,0.64,1.0,,,,,0.32,0.0,1.0,774.6884065583563,0.03560094544288749,100,1.0,0.8222859094229378,0.42,,,,,0.0,0.0
own,MURA_ECOLI_1_419_catalytic_0,100,1.0,1.0,0.5292671976888704,6.333314415254426,-0.9317036000000001,1.0,0.05,0.94,-7.006,-6.936850000000001,-7.1865000000000006,-7.0216899999999995,0.22448979591836735,0.0,1.0,913.386957536675,0.09428077444399058,100,0.81,0.75050405480823,0.78,,-6.997,-7.012,,0.0,0.0
own,SIR3_HUMAN_117_398_0,100,1.0,1.0,0.5053707944778136,7.179254673913813,0.3865212000000001,1.0,0.82,0.97,,,,,0.08,0.0,1.0,1279.4849730285223,0.056126227903300435,100,1.0,0.9010433432820232,0.98,,,,,0.0,0.0
own,NOS1_HUMAN_302_723_0__3tym_A_rec,100,1.0,1.0,0.48737646966587833,7.037098576918932,0.7026600000000001,1.0,0.65,0.96,-4.5305,-4.579320000000001,-4.75,-4.8149,0.25,0.0,1.0,891.4477545647235,0.023930811006482217,100,0.95,0.8473151219680317,0.74,,-6.362,-6.564,,0.0,0.0
own,NQO1_HUMAN_2_274_0__1gg5_A_rec,100,1.0,1.0,0.5420380294874022,7.160816591948722,0.38932900000000004,1.0,0.87,0.95,-6.5215,-6.519820000000001,-6.7065,-6.5754600000000005,0.041237113402061855,0.02,0.99,1252.856884226118,0.0675000112175467,100,0.99,0.8857380936001489,0.9696969696969697,,-5.798,-5.741,,0.0,0.0
own,NOS3_HUMAN_65_480_0__1rs9_A_rec,100,1.0,1.0,0.4741757253285806,6.829365432772603,-0.26105950000000006,1.0,0.96,0.97,-4.0695,-4.19586,-4.32,-4.41268,0.24242424242424243,0.0,1.0,722.0932668887212,0.019439336864951026,100,1.0,0.8976457150963173,0.78,,-3.024,-3.087,,0.0,0.0
own,SQHC_ALIAD_1_631_0,100,1.0,1.0,0.31239642490724623,7.021539342433844,-0.5116512,0.96,0.12,0.7,-11.0665,-10.794139999999997,-10.357,-10.357689999999998,0.020202020202020204,0.0,1.0,2454.8686086147854,0.06493151514407451,100,0.99,0.7954201128519751,0.71,,-11.36,-11.395,,0.0,0.0
own,GRK4_HUMAN_1_578_0,100,1.0,1.0,0.4809875809110071,7.00720849342316,0.37943639999999995,1.0,0.0,0.94,-5.945,-5.9653800000000015,-6.2935,-6.264449999999999,0.2,0.0,1.0,893.0065374455287,0.11491332790784645,100,0.83,0.5743502535560127,0.4,,-6.741,-6.829,,0.0,0.0
own,NEP_HUMAN_54_750_0,100,1.0,1.0,0.39393412095914065,7.186210678302843,-0.5130468000000001,1.0,0.39,1.0,-7.5105,-7.656089999999998,-7.4239999999999995,-7.521790000000001,0.05,0.0,1.0,1206.7912298737028,0.06074814862874059,100,1.0,0.8241837083984601,0.73,,-8.689,-8.651,,0.0,0.0
own,KS6A3_HUMAN_41_357_0,100,1.0,1.0,0.46437922874322224,7.135038880631291,0.4550098999999998,1.0,0.0,0.95,-9.6495,-9.732880000000002,-9.584,-9.643260000000001,0.13,0.0,1.0,963.4167896059303,0.12341582865467401,100,0.59,0.37868242630502835,0.17,,-8.532,-8.596,,0.0,0.0
own,PA2B8_DABRR_1_121_0,100,1.0,1.0,0.46387369084654007,6.818805347913554,-0.21051030000000004,0.99,0.36,0.94,-2.2275,-2.28147,-2.8979999999999997,-2.92364,0.12,0.0,1.0,1424.228600511649,0.041597248084195335,100,0.99,0.8839129225336234,0.89,,-3.9,-3.872,,0.0,0.0
own,CAT_ECOLX_1_219_0,100,1.0,1.0,0.545276508808357,6.0878925469404495,1.0246654999999998,1.0,1.0,1.0,-6.119,-6.143180000000001,-6.32,-6.323539999999998,0.31,0.0,1.0,503.7347508527754,0.15916867997421225,100,0.21,0.2543136847634867,0.09,,-6.342,-6.328,,0.0,0.0
own,CONA_CANCT_1_237_0,100,1.0,1.0,0.5498746644607982,6.1647610797898995,-0.02363360000000011,1.0,0.9,0.91,-3.606,-3.5568600000000004,-5.2995,-5.130929999999999,0.78,0.0,1.0,426.0525060620056,0.12516944088649912,100,0.35,0.3937391184883632,0.3,,-5.215,-5.254,,0.0,0.0
own,MCCF_ECOLX_1_344_0,100,1.0,1.0,0.3112734690428626,6.953825912198011,-1.2880355999999997,0.99,0.06,0.93,,,,,0.11,0.0,1.0,1310.1665814361904,0.06897823663601325,100,1.0,0.8698570522973152,0.94,,,,,0.0,0.0
own,POL_FOAMV_861_1060_0,100,1.0,1.0,0.3482311879482672,7.139672878604615,0.3147511000000003,1.0,0.41,0.96,,,,,0.052083333333333336,0.0,1.0,1824.2430467833692,0.046124131736857574,100,1.0,0.8917174588357267,0.97,,,,,0.0,0.0
own,UPPS_ECOLI_1_253_0,100,1.0,1.0,0.6180812893142918,6.916263037275643,0.9058093000000003,1.0,0.93,0.98,-7.223000000000001,-7.0634299999999985,-7.358499999999999,-7.086049999999999,0.51,0.0,1.0,327.1900745104091,0.03020794827487383,100,0.8,0.8591079181379265,0.76,,-7.711,-7.736,,0.0,0.0
own,IMA1_HUMAN_68_497_0,100,1.0,1.0,0.400714371256078,6.579388841722858,-0.9089223000000001,1.0,0.45,0.89,,,,,0.07,0.0,1.0,1082.7847475051124,0.021380099998449174,100,1.0,0.8766519956858918,0.9,,,,,0.0,0.0
own,DFPA_LOLVU_2_314_0,100,1.0,1.0,0.5553201046872873,7.359989491478505,0.8105622999999997,1.0,0.96,0.98,-4.9725,-5.05504,-5.733499999999999,-5.758190000000001,0.42424242424242425,0.0,1.0,426.25818948308455,0.0729080749674833,100,1.0,0.8075384669353765,0.85,,-6.005,-5.998,,0.0,0.0
own,PNTM_STRAE_2_398_0,100,1.0,1.0,0.5538428181663042,7.0621018738544,-0.08324570000000019,1.0,0.98,1.0,,,,,0.47,0.0,1.0,488.40912070179843,0.08626248667824887,100,0.79,0.7770137581171741,0.73,,,,,0.0,0.0
own,M3K14_HUMAN_321_678_0,100,1.0,1.0,0.5505316426011779,7.0968665767965184,-0.04851220000000006,1.0,0.97,1.0,-8.349499999999999,-8.23999,-7.9315,-7.7593000000000005,0.21428571428571427,0.0,1.0,693.3411882671098,0.08130190830719661,100,0.68,0.7620529649772081,0.61,,-4.781,-4.766,,0.0,0.0
own,F16P1_HUMAN_1_338_0,100,1.0,1.0,0.44138819426873793,7.024626571408615,0.2619344,1.0,0.87,0.99,-5.797499999999999,-5.7763800000000005,-6.004,-5.9633199999999995,0.0,0.04,0.99,2277.755227246198,0.054019919873096435,100,1.0,0.9092672781923354,0.898989898989899,,-7.793,-7.678,,0.0,0.0
own,NOS3_HUMAN_65_480_0__4kcq_A_rec,100,1.0,1.0,0.47385031716266257,7.043341915005962,0.6096761000000004,1.0,0.59,1.0,-4.555,-4.673690000000001,-4.9245,-5.0481799999999994,0.14,0.0,1.0,967.650794507126,0.029188712216475513,100,1.0,0.8964516752694917,0.91,,-5.3,-5.43,,0.0,0.0
own,ATS5_HUMAN_262_480_0,100,1.0,1.0,0.4828736090100689,7.11345412465908,-0.4995572,1.0,0.83,1.0,-6.8635,-6.77758,-6.853,-6.97492,0.14,0.03,0.99,1071.01796366004,0.046132715195260736,100,0.99,0.8324619167729952,0.89,,-7.591,-7.975,,0.0,0.0
own,DHAK_ECOLI_1_356_0,100,1.0,1.0,0.46711899282208125,6.904085412129532,-0.10846590000000007,1.0,0.96,1.0,-3.7065,-3.0155899999999995,-3.8625,-3.87303,0.32323232323232326,0.28,0.99,590.7450155361526,0.06445210588086903,100,0.95,0.8831434494945012,0.51,,-2.459,-2.478,,0.0,0.0
own,TBK1_HUMAN_1_303_0,100,1.0,1.0,0.5630665361544601,7.012804009446926,0.11983579999999991,1.0,0.83,0.99,-6.596500000000001,-6.28663,-6.8,-6.4873899999999995,0.3434343434343434,0.0,1.0,821.6102650448227,0.06542879351545086,100,0.71,0.8103180448563538,0.65,,-7.946,-7.963,,0.0,0.0
own,PAK4_HUMAN_291_591_ATP_0,100,1.0,1.0,0.7706927171826972,7.446898554012128,-0.051895800000000006,1.0,1.0,1.0,-7.229,-7.207230000000001,-7.5905000000000005,-7.5834,1.0,0.0,1.0,275.3305115259871,0.11879968701095463,100,0.04,0.2078868915145864,0.04,,-7.77,-7.668,,0.0,0.0
own,LAT_MYCTU_1_449_0,100,1.0,1.0,0.49835608385736757,6.507213203633085,0.2252325999999999,1.0,0.88,0.99,-6.667,-6.906854166666666,-6.640499999999999,-6.851364583333333,0.3673469387755102,0.0,1.0,314.2322045572197,0.09253405947736795,100,0.54,0.6550178109102177,0.3,,-6.276,-6.186,,0.0,0.0
own,HMD_METJA_1_358_0,100,1.0,1.0,0.2756493718605128,6.952046594563269,-1.2082793,0.7,0.0,0.84,-8.3535,-8.292490000000003,-8.4175,-8.2942,0.35,0.0,1.0,916.3239776152559,0.10134413639157051,100,0.97,0.7125526950948751,0.93,,-9.087,-9.415,,0.0,0.0
own,EXG1_CANAL_41_438_0,100,1.0,1.0,0.4263109042488977,6.655311387186039,-0.8558900999999999,1.0,0.95,0.89,,,,,0.28865979381443296,0.0,1.0,701.7362858018402,0.03207375113088185,100,0.9,0.8628698741320484,0.78,,,,,0.0,0.0
own,CHIA_SERMA_19_563_0,100,1.0,1.0,0.4579848647406359,7.007409237093789,0.6103656000000001,1.0,1.0,0.95,,,,,0.11,0.0,1.0,1002.2987684376159,0.012031338817732566,100,1.0,0.9098400757204563,0.61,,,,,0.0,0.0
own,QPCT_HUMAN_33_361_0,100,1.0,1.0,0.45589107487258795,6.450233306389247,-0.9553155,1.0,1.0,0.98,-3.7755,-3.8911700000000002,-4.386,-4.43988,0.54,0.0,1.0,274.3224978644795,0.020509571014623505,100,0.56,0.7222588363681927,0.48,,-5.434,-5.419,,0.0,0.0
own,DYRK2_HUMAN_145_550_0,100,1.0,1.0,0.5588468026013063,7.037230894641868,2.0530942,1.0,0.99,0.99,-7.6655,-7.876249999999999,-8.214500000000001,-8.34274,0.79,0.0,1.0,313.6319871379179,0.08760039090235655,100,0.31,0.5178600727937286,0.21,,-8.83,-8.824,,0.0,0.0
own,CCPR_YEAST_69_361_0,100,1.0,1.0,0.5625332510855992,6.702615012419996,0.2926715999999998,0.99,0.33,0.97,-7.2835,-7.030969999999999,-7.498,-7.162689999999999,0.46464646464646464,0.02,0.99,541.3413673725281,0.03445813394218862,100,0.78,0.7886447370708473,0.68,,-4.53,-4.526,,0.0,0.0
own,ACE_HUMAN_650_1230_0,100,1.0,1.0,0.450646655691694,6.719358307592927,0.3162297999999999,1.0,0.94,1.0,-3.7640000000000002,-3.9326300000000005,-4.383,-4.48801,0.21212121212121213,0.0,1.0,838.9901407750463,0.07137681789487861,100,0.87,0.8604070311525489,0.61,,-4.487,-4.446,,0.0,0.0
own,CDK6_HUMAN_1_312_0__2f2c_B_rec,100,1.0,1.0,0.6563759740400762,6.325451086038791,0.46724589999999977,1.0,1.0,0.19,-6.7755,-6.80616,-7.6515,-7.585930000000001,0.66,0.0,1.0,157.47733823218238,0.07494337769721066,100,0.49,0.6456872038011827,0.49,,-7.547,-7.523,,0.0,0.0
own,COAA_MYCTU_1_312_0,100,1.0,1.0,0.49868943677099603,6.866039622250359,0.22114170000000002,0.98,0.0,0.99,-6.3765,-6.41251,-6.9510000000000005,-7.01402,0.3838383838383838,0.0,1.0,782.3520701078617,0.09989447388113963,100,0.64,0.5174217637871753,0.35,,-7.296,-7.362,,0.0,0.0
own,LMBL1_HUMAN_198_526_0__2rhy_A_rec,100,1.0,1.0,0.37744605906217177,6.663165947316315,-1.0040416,1.0,0.99,0.98,-2.8129999999999997,-2.5751,-2.9915000000000003,-2.84546,0.19,0.0,1.0,494.68090852851174,0.05251744050910725,100,0.75,0.8211331797509509,0.35,,-2.888,-2.816,,0.0,0.0
own,NPD_THEMA_1_246_0,100,1.0,1.0,0.48318158120239835,6.585025747755915,-0.8344839000000001,1.0,0.35,0.86,,,,,0.09,0.0,1.0,1332.639405059569,0.04984467614926208,100,0.99,0.8701948248007124,0.92,,,,,0.0,0.0
own,TIAM1_HUMAN_840_931_0,100,1.0,1.0,0.44921204090964145,6.3333100807495155,-0.8860555999999999,1.0,0.3,0.9,-1.984,-2.01782,-3.0374999999999996,-3.0510400000000004,0.06060606060606061,0.0,1.0,1250.0192482743532,0.0379828872845092,100,1.0,0.853967941021133,0.77,,-3.822,-3.764,,0.0,0.0
own,RG1_RAUSE_1_513_0,100,1.0,1.0,0.3398449208746505,6.844038040180602,-0.5039007999999999,0.98,0.21,0.79,-6.376,-6.36509090909091,-6.772,-6.730878787878789,0.09,0.01,0.99,2067.612718224067,0.06690487251870288,100,0.96,0.8601131898937561,0.85,,-8.156,-8.283,,0.0,0.0
own,CPXB_BACMB_2_464_0,100,1.0,1.0,0.5205950564432311,7.146974377355086,0.8843107,1.0,0.85,1.0,-7.525,-7.564219999999998,-7.408,-7.603210000000001,0.24,0.0,1.0,796.3139239899788,0.045822938808011256,100,1.0,0.8738839045430056,0.75,,-6.203,-6.176,,0.0,0.0
own,SDIA_ECOLI_1_171_0,100,1.0,1.0,0.5118531010416627,6.908257810788281,-0.5712809,1.0,0.92,0.99,-7.5895,-7.9765299999999995,-7.553,-7.8657,0.2631578947368421,0.0,1.0,878.928564388362,0.052615728699570485,100,0.99,0.848651705545128,0.72,,-5.641,-5.766,,0.0,0.0
own,PTGIS_HUMAN_20_500_0,100,1.0,1.0,0.6639157382859543,6.703937560574435,0.20000820000000008,1.0,0.9,0.98,-4.5655,-4.568289999999999,-4.933999999999999,-4.923,0.5454545454545454,0.0,1.0,439.8239588476233,0.02103313447034813,100,0.71,0.7358376726367519,0.59,,-4.367,-4.468,,0.0,0.0
own,NOS2_HUMAN_78_505_0,100,1.0,1.0,0.4978292799900366,6.622019403407992,0.13591110000000003,1.0,0.98,0.97,-4.199,-4.16472,-4.5205,-4.55579,0.23,0.01,0.99,771.7584480068449,0.02132040878172527,100,0.98,0.9023293483647159,0.89,,-2.539,-2.606,,0.0,0.0
own,BTRN_BACCI_2_250_0,100,1.0,1.0,0.5264830599770095,6.81242813683667,-1.1918150000000003,1.0,0.06,0.97,-8.122,-8.40553,-8.399000000000001,-8.54597,0.36363636363636365,0.0,1.0,816.634077974551,0.08989112123121515,100,0.74,0.5778807681282823,0.36,,-8.326,-8.494,,0.0,0.0
own,DPP2_HUMAN_27_492_0,100,1.0,1.0,0.5317086859850259,7.1159246645752265,0.13087270000000006,1.0,0.93,0.99,-5.962999999999999,-5.9388,-5.984999999999999,-5.94946,0.24242424242424243,0.03,0.98,925.538391761457,0.04127264766519898,100,0.94,0.8998059335049083,0.81,,-4.81,-4.809,,0.0,0.0
own,TNKS1_HUMAN_1099_1319_0,100,1.0,1.0,0.28333542395478245,7.245761287916061,0.1766200000000002,1.0,0.29,0.94,-9.8225,-10.04346,-9.2405,-9.77854,0.020618556701030927,0.02,0.99,2983.8362296382265,0.04835778635532968,100,1.0,0.8974241998044391,0.96,,-15.025,-14.989,,0.0,0.0
own,ABL2_HUMAN_274_551_0,100,1.0,1.0,0.5586036214338354,7.262975915855101,1.5132736,1.0,0.98,1.0,-7.827500000000001,-7.918740000000001,-8.21,-8.34773,0.8,0.0,1.0,540.0833607327636,0.08982609038967829,100,0.23,0.28694708548771486,0.12,,-8.209,-8.216,,0.0,0.0
own,TNKS2_HUMAN_948_1162_0,100,1.0,1.0,0.41463411060706873,7.211670701367348,0.544041,1.0,0.68,0.95,-10.031500000000001,-9.626550000000002,-9.682,-9.41896,0.03125,0.13,0.97,3850.1766999000724,0.05711767936253475,100,1.0,0.9009527057279847,0.97,,-12.255,-12.212,,0.0,0.0
own,AKT1_HUMAN_1_137_0,100,1.0,1.0,0.3032052571914267,7.221559965398919,0.3245448000000002,1.0,0.47,0.94,-8.2985,-8.61777,-8.2445,-8.554329999999998,0.0,0.0,1.0,2635.4907008464656,0.03633330508765175,100,1.0,0.8973697541348682,0.99,,-14.151,-14.334,,0.0,0.0
own,Y635_MYCTU_1_158_0,100,1.0,1.0,0.5497587136661254,7.136202347065949,0.5386157,1.0,0.89,0.98,-8.6155,-8.65273,-8.1815,-8.429940000000002,0.10204081632653061,0.0,1.0,1169.7374074379927,0.04744151348501457,100,1.0,0.8976731897240665,0.95,,-8.665,-8.632,,0.0,0.0
own,PPIA_HUMAN_1_165_0,100,1.0,1.0,0.522907303023193,7.206587123490838,-0.33454439999999996,1.0,0.88,0.99,-5.468500000000001,-5.530090000000001,-6.1025,-6.06084,0.36363636363636365,0.0,1.0,604.7646677793452,0.06614295437126347,100,0.87,0.8154913280107793,0.7171717171717171,,-5.686,-5.88,,0.0,0.0
own,NOS1_HUMAN_302_723_0__4d7o_A_rec,100,1.0,1.0,0.45530589797535576,6.93030464094381,-0.34076379999999995,1.0,0.48,0.93,-4.7195,-4.75989,-4.87,-5.00337,0.18,0.0,1.0,1226.6180535480812,0.021847295788020093,100,1.0,0.8852992437660265,0.97,,-5.881,-6.164,,0.0,0.0
own,CHIB_SERMA_1_499_0__1h0i_A_rec,100,1.0,1.0,0.48153101695349126,7.015116672808992,-0.6300417,1.0,0.94,0.99,,,,,0.1111111111111111,0.04,0.98,1025.8224689504495,0.04388212455508864,100,1.0,0.8972711078475614,0.93,,,,,0.0,0.0
own,OLIAC_CANSA_1_101_0,100,1.0,1.0,0.5562585391430683,6.952507626677877,0.4198510999999999,1.0,1.0,1.0,,,,,0.32989690721649484,0.0,1.0,610.1539544301214,0.06122397793646856,100,1.0,0.8099196567067808,0.76,,,,,0.0,0.0
own,BAPA_SPHXN_30_402_0,100,1.0,1.0,0.5035189692481008,7.041909321667126,0.22298539999999992,1.0,0.66,0.91,,,,,0.09183673469387756,0.17,0.95,1615.9843943961987,0.04584202611137782,100,0.97,0.9048798151991029,0.9,,,,,0.0,0.0
own,ODBB_THET8_1_324_0,100,1.0,1.0,0.5627969067507369,7.283988556573156,1.8997949999999995,1.0,0.05,0.99,-10.4925,-10.49778,-10.664,-10.685650000000003,0.22,0.0,1.0,707.7651260497796,0.10156629697817193,100,0.4,0.39420294508654996,0.16,,-9.046,-9.036,,0.0,0.0
own,DPO4_SULSO_1_347_0,100,1.0,1.0,0.46386037049508133,6.82156685450802,-0.5442349000000002,1.0,0.27,0.96,-2.173,-2.1501099999999997,-3.0095,-3.0074099999999993,0.04,0.0,1.0,1239.0417009537196,0.07421021996660751,100,1.0,0.868398297118247,0.9,,-3.699,-3.625,,0.0,0.0
own,PYRD_TRYCC_2_314_catalytic_0__2e6d_A_rec,100,1.0,1.0,0.4704415980663446,6.41698407446287,-0.03745059999999999,1.0,0.96,0.98,-5.881,-5.453030000000001,-5.9559999999999995,-5.823589999999999,0.4020618556701031,0.15,0.96,551.0960038578257,0.0654831193396862,100,0.81,0.8881664087520691,0.7,,-4.835,-4.8,,0.0,0.0
own,VAOX_PENSI_1_560_0,100,1.0,1.0,0.6248580665413326,6.7088050176432485,0.16289669999999976,1.0,0.0,0.99,-8.489,-8.478660000000001,-9.0585,-9.05202,0.92,0.0,1.0,329.9490598920395,0.12796997949031264,100,0.26,0.29335554895862104,0.15,,-9.531,-9.555,,0.0,0.0
own,GLMU_STRPN_2_459_0,100,1.0,1.0,0.44390755768712803,7.003713057326508,0.23878970000000005,1.0,0.78,0.92,-3.449,-3.494787878787878,-4.192,-4.242757575757575,0.05,0.03,0.98,1536.3209592105663,0.04965689477761556,100,1.0,0.9042497543807062,0.87,,-7.314,-7.322,,0.0,0.0
own,FKB1A_HUMAN_2_108_0,100,1.0,1.0,0.2157054171510849,7.379605500027238,0.32135799999999987,0.98,0.09,1.0,-4.769500000000001,-4.80051,-5.8725000000000005,-5.9361500000000005,0.0,0.0,1.0,1828.5443038552844,0.05874285583916853,100,0.89,0.668956514855173,0.85,,-7.352,-7.347,,0.0,0.0
own,NAGZ_VIBCH_1_330_0,100,1.0,1.0,0.5252525893182214,6.640458134477769,-0.8136311999999998,1.0,0.12,0.9,-3.561,-3.6166799999999997,-4.3995,-4.428730000000001,0.73,0.0,1.0,515.4783213213732,0.10829680682265051,100,0.57,0.522198740967261,0.49,,-5.324,-5.274,,0.0,0.0
own,CHIB_SERMA_1_499_0__4z2g_A_rec,100,1.0,1.0,0.0719174118181091,7.173614044309519,-1.1304595,1.0,0.02,1.0,-5.6545,-6.106219999999999,-6.023,-6.438140000000001,0.32,0.0,1.0,1482.2016053857333,0.07120252396827859,100,0.98,0.6426403062485369,0.39,,-7.488,-7.594,,0.0,0.0
own,CDK6_HUMAN_1_312_0__4aua_A_rec,100,1.0,1.0,0.5566436880028772,7.162885151911289,-0.11836739999999996,1.0,0.95,0.99,-7.089,-7.286269999999998,-7.085000000000001,-7.18815,0.25252525252525254,0.0,1.0,776.1970052126653,0.05272888575065795,100,0.92,0.8778691741980056,0.9,,0.736,-2.224,,0.0,0.0
own,GUX1_HYPJE_18_451_0,100,1.0,1.0,0.6819430014256044,7.3821278374545125,1.0450449000000004,1.0,0.96,0.98,,,,,0.45,0.0,1.0,449.19690810090094,0.046472644577665874,100,0.84,0.6621358152040354,0.47,,,,,0.0,0.0
own,PHKG1_RABIT_6_296_ATPsite_0,100,1.0,1.0,0.44749198532072837,7.172171414657816,0.7222196,1.0,0.0,0.99,-8.1785,-8.21275,-8.402,-8.404649999999998,0.16,0.0,1.0,1010.0683715853728,0.11028220874493216,100,0.78,0.423407717874264,0.32,,-7.398,-7.99,,0.0,0.0
