model,target_id,n_generated,validity,connected,qed_mean,sa_mean,logp_mean,lipinski_frac,veber_frac,pains_free_frac,pb_valid_rate,clash_mean,clash_free_rate,strain_median,tanimoto_ref_mean,div_n_valid,div_uniqueness,div_internal_diversity,div_scaffold_diversity,div_novelty,ref_vina_score,ref_vina_min,ref_vina_dock,hit_rate,hit_scaffold_unique_rate,vina_score_median,vina_score_mean
own,IDHP_HUMAN_40_452_0,100,1.0,1.0,0.4338536216839561,7.2445798036076505,0.8184568000000002,1.0,0.62,0.97,0.030927835051546393,4.85,0.28,1727.2719457573098,0.04585465016947242,100,1.0,0.895766647647066,0.99,,,,,0.0,0.0,,
own,AROE_THET8_1_263_0,100,1.0,1.0,0.4370332925494569,6.409893542641808,-0.2718840000000001,1.0,0.86,0.93,0.21,0.95,0.76,658.2301154184655,0.06409313984254808,100,1.0,0.8865058751847856,0.78,,-5.533,,,0.0,0.0,-4.3605,-2.6749200000000006
own,P2Y12_HUMAN_1_342_0,100,1.0,1.0,0.39442738445249853,7.126984322711533,0.5976704,1.0,0.52,0.96,0.07142857142857142,1.6,0.39,1536.8412330305932,0.05190493164505686,100,1.0,0.8959418105293474,0.88,,-10.428,,,0.0,0.0,-4.3995,-2.72185
own,BAZ2A_HUMAN_1795_1898_0,100,1.0,1.0,0.5354155402503644,7.114081911721686,0.1695048999999999,1.0,0.91,0.96,0.0,0.1,0.98,1452.9608386712794,0.05666496541780594,100,0.91,0.894735371588486,0.8484848484848485,,-4.114,,,0.0,0.0,-4.475,-4.2729099999999995
own,SIR3_HUMAN_117_398_0,100,1.0,1.0,0.5053707944778136,7.179254673913813,0.3865212000000001,1.0,0.82,0.97,0.08247422680412371,0.48,0.7,1302.0090120026093,0.056126227903300435,100,1.0,0.9010433432820232,0.98,,,,,0.0,0.0,,
own,NQO1_HUMAN_2_274_0__1gg5_A_rec,100,1.0,1.0,0.5420380294874022,7.160816591948722,0.38932900000000004,1.0,0.87,0.95,0.04081632653061224,0.22,0.91,1385.994823714621,0.0675000112175467,100,0.99,0.8857380936001489,0.9696969696969697,,-5.798,,,0.0,0.0,-4.0205,-3.531429999999999
own,NOS3_HUMAN_65_480_0__1rs9_A_rec,100,1.0,1.0,0.4741757253285806,6.829365432772603,-0.26105950000000006,1.0,0.96,0.97,0.20618556701030927,0.23,0.88,832.3448893733043,0.019439336864951026,100,1.0,0.8976457150963173,0.78,,-3.024,,,0.0,0.0,-3.306,-2.8859200000000005
own,NEP_HUMAN_54_750_0,100,1.0,1.0,0.39393412095914065,7.186210678302843,-0.5130468000000001,1.0,0.39,1.0,0.08163265306122448,0.36,0.69,1239.1364611941176,0.06074814862874059,100,1.0,0.8241837083984601,0.73,,-8.689,,,0.0,0.0,-5.904999999999999,-5.8472
own,CONA_CANCT_1_237_0,100,1.0,1.0,0.5498746644607982,6.1647610797898995,-0.02363360000000011,1.0,0.9,0.91,0.63,0.0,1.0,498.2821152302171,0.12516944088649912,100,0.35,0.3937391184883632,0.3,,-5.215,,,0.0,0.0,-5.1335,-4.95752
own,MCCF_ECOLX_1_344_0,100,1.0,1.0,0.3112734690428626,6.953825912198011,-1.2880355999999997,0.99,0.06,0.93,0.12121212121212122,1.16,0.67,1402.3909412565042,0.06897823663601325,100,1.0,0.8698570522973152,0.94,,,,,0.0,0.0,,
own,UPPS_ECOLI_1_253_0,100,1.0,1.0,0.6180812893142918,6.916263037275643,0.9058093000000003,1.0,0.93,0.98,0.43434343434343436,0.06,0.94,390.00014812303067,0.03020794827487383,100,0.8,0.8591079181379265,0.76,,-7.711,,,0.0,0.0,-6.067,-5.90765
own,PNTM_STRAE_2_398_0,100,1.0,1.0,0.5538428181663042,7.0621018738544,-0.08324570000000019,1.0,0.98,1.0,0.39,0.15,0.88,517.8636505847436,0.08626248667824887,100,0.79,0.7770137581171741,0.73,,,,,0.0,0.0,,
own,DHAK_ECOLI_1_356_0,100,1.0,1.0,0.46711899282208125,6.904085412129532,-0.10846590000000007,1.0,0.96,1.0,0.3163265306122449,0.93,0.82,578.8237179128663,0.06445210588086903,100,0.95,0.8831434494945012,0.51,,-2.459,,,0.0,0.0,-2.6384999999999996,-1.5617199999999998
own,PAK4_HUMAN_291_591_ATP_0,100,1.0,1.0,0.7706927171826972,7.446898554012128,-0.051895800000000006,1.0,1.0,1.0,0.97,0.0,1.0,308.8433191164572,0.11879968701095463,100,0.04,0.2078868915145864,0.04,,-7.77,,,0.0,0.0,-7.3294999999999995,-7.304049999999998
own,LAT_MYCTU_1_449_0,100,1.0,1.0,0.49835608385736757,6.507213203633085,0.2252325999999999,1.0,0.88,0.99,0.45,1.62,0.63,220.38226553734034,0.09253405947736795,100,0.54,0.6550178109102177,0.3,,-6.276,,,0.0,0.0,-5.2375,-2.0751249999999994
own,DYRK2_HUMAN_145_550_0,100,1.0,1.0,0.5588468026013063,7.037230894641868,2.0530942,1.0,0.99,0.99,0.7878787878787878,0.0,1.0,367.1988480352953,0.08760039090235655,100,0.31,0.5178600727937286,0.21,,-8.83,,,0.0,0.0,-8.362,-8.348050000000002
own,CDK6_HUMAN_1_312_0__2f2c_B_rec,100,1.0,1.0,0.6563759740400762,6.325451086038791,0.46724589999999977,1.0,1.0,0.19,0.57,0.01,0.99,228.86984998534467,0.07494337769721066,100,0.49,0.6456872038011827,0.49,,-7.547,,,0.0,0.0,-8.05,-8.02838
own,RG1_RAUSE_1_513_0,100,1.0,1.0,0.3398449208746505,6.844038040180602,-0.5039007999999999,0.98,0.21,0.79,0.11,0.19,0.84,1971.6886568499372,0.06690487251870288,100,0.96,0.8601131898937561,0.85,,-8.156,,,0.0,0.0,-5.44,-5.551151515151515
own,BTRN_BACCI_2_250_0,100,1.0,1.0,0.5264830599770095,6.81242813683667,-1.1918150000000003,1.0,0.06,0.97,0.36363636363636365,0.05,0.95,816.2643110723683,0.08989112123121515,100,0.77,0.5778807681282823,0.36,,-8.326,,,0.0,0.0,-6.4875,-6.44244
own,TNKS1_HUMAN_1099_1319_0,100,1.0,1.0,0.28333542395478245,7.245761287916061,0.1766200000000002,1.0,0.29,0.94,0.0,0.37,0.86,2731.152605725106,0.04835778635532968,100,1.0,0.8974241998044391,0.96,,-15.025,,,0.0,0.0,-7.662,-7.385269999999999
own,ABL2_HUMAN_274_551_0,100,1.0,1.0,0.5586036214338354,7.262975915855101,1.5132736,1.0,0.98,1.0,0.84,0.0,1.0,611.114732351447,0.08982609038967829,100,0.23,0.28694708548771486,0.12,,-8.209,,,0.0,0.0,-8.190000000000001,-8.276019999999999
own,CHIB_SERMA_1_499_0__1h0i_A_rec,100,1.0,1.0,0.48153101695349126,7.015116672808992,-0.6300417,1.0,0.94,0.99,0.10309278350515463,1.89,0.37,1161.2002208195347,0.04388212455508864,100,1.0,0.8972711078475614,0.93,,,,,0.0,0.0,,
own,PYRD_TRYCC_2_314_catalytic_0__2e6d_A_rec,100,1.0,1.0,0.4704415980663446,6.41698407446287,-0.03745059999999999,1.0,0.96,0.98,0.3020833333333333,0.97,0.62,553.7961870227906,0.0654831193396862,100,0.81,0.8881664087520691,0.7,,-4.835,,,0.0,0.0,-4.112,-2.5196099999999997
own,FKB1A_HUMAN_2_108_0,100,1.0,1.0,0.2157054171510849,7.379605500027238,0.32135799999999987,0.98,0.09,1.0,0.05102040816326531,0.11,0.89,1610.9168363332883,0.05874285583916853,100,0.89,0.668956514855173,0.85,,-7.352,,,0.0,0.0,-4.9879999999999995,-5.01511
own,GUX1_HYPJE_18_451_0,100,1.0,1.0,0.6819430014256044,7.3821278374545125,1.0450449000000004,1.0,0.96,0.98,0.44,0.01,0.99,457.6669900930963,0.046472644577665874,100,0.84,0.6621358152040354,0.47,,,,,0.0,0.0,,
