model,target_id,n_generated,validity,connected,qed_mean,sa_mean,logp_mean,lipinski_frac,veber_frac,pains_free_frac,pb_valid_rate,clash_mean,clash_free_rate,strain_median,tanimoto_ref_mean,div_n_valid,div_uniqueness,div_internal_diversity,div_scaffold_diversity,div_novelty,ref_vina_score,ref_vina_min,ref_vina_dock,hit_rate,hit_scaffold_unique_rate,vina_score_median,vina_score_mean,vina_min_median,vina_min_mean
own,BSD_ASPTE_1_130_0,100,1.0,1.0,0.39315404303976803,6.660224972243724,-1.2195601999999999,1.0,0.15,0.77,0.030612244897959183,0.38,0.94,2048.9854651956534,0.06313108713301747,100,1.0,0.8733551802516533,0.96,,,,,0.0,0.0,,,,
own,LAT_MYCTU_1_449_0,100,1.0,1.0,0.5452167581242381,6.2842579478786975,0.036667699999999866,1.0,0.98,0.99,0.8,0.0,1.0,269.73662973453423,0.1017603714510158,100,0.28,0.5067674197352037,0.15,,-6.276,-6.186,,0.0,0.0,-6.099,-6.18613,-6.3605,-6.45952
own,GUX1_HYPJE_18_451_0,100,1.0,1.0,0.7164686955584207,7.582505549046151,1.2016449000000007,1.0,1.0,1.0,0.74,0.0,1.0,309.21832085101096,0.04702896200053491,100,0.24,0.36921001557387545,0.09,,,,,0.0,0.0,,,,
own,MENE_BACSU_2_486_0,100,1.0,1.0,0.5473016339490343,6.732544099608225,-0.34871390000000024,0.97,0.13,0.99,0.51,0.0,1.0,538.2000382603438,0.10740372379986435,100,0.73,0.6567052893363479,0.53,,-7.182,-7.475,,0.0,0.0,-6.119,-6.191434343434343,-6.497,-6.577030303030304
own,IMA1_HUMAN_68_497_0,100,1.0,1.0,0.4173993113980808,6.489356313611447,-0.7872931,1.0,0.68,0.9,0.09,0.0,1.0,1075.2133531229497,0.01801869165043187,100,1.0,0.8854477131487584,0.76,,,,,0.0,0.0,,,,
own,CCPR_YEAST_69_361_0,100,1.0,1.0,0.5652839867075956,6.481991119985671,0.11427969999999982,0.99,0.44,0.96,0.5555555555555556,0.0,1.0,453.6423589706869,0.03112973933199492,100,0.8,0.82162429171838,0.6,,-4.53,-4.526,,0.0,0.0,-5.8125,-6.007630000000002,-6.2925,-6.43094
own,DPO4_SULSO_1_347_0,100,1.0,1.0,0.4946242333028551,6.707344143205026,-0.6437960000000003,1.0,0.44,0.96,0.08080808080808081,0.0,1.0,1199.2799991021186,0.07182069100253546,100,1.0,0.8621992707337858,0.83,,-3.699,-3.625,,0.0,0.0,-2.2025,-2.27359,-3.0069999999999997,-3.0313200000000005
own,CHIB1_ASPFM_39_433_0,100,1.0,1.0,0.4595634468836664,6.127612203503584,-1.07526,1.0,1.0,1.0,0.01,0.0,1.0,476.24651333644164,0.030545544018917927,100,0.29,0.6110746612359353,0.26,,,,,0.0,0.0,,,,
own,UBE2T_HUMAN_1_156_0,100,1.0,1.0,0.5913762622284137,7.311354855304838,0.9641387,1.0,1.0,1.0,0.41,0.0,1.0,261.79981069784566,0.06814972137140717,100,0.54,0.7797641493538614,0.41,,-4.231,-4.195,,0.0,0.0,-4.0655,-4.17153,-4.154,-4.31739
own,CHOD_BREST_46_552_0,100,1.0,1.0,0.6610516591634576,6.484007065889913,-0.2919026999999999,1.0,0.78,1.0,0.69,0.0,1.0,426.4567798451229,0.04707967093670238,100,0.61,0.7860818543668335,0.39,,-9.593,-9.585,,0.0,0.0,-6.0875,-5.95962,-6.3625,-6.21
own,PYRE_BACAN_1_210_0,100,1.0,1.0,0.5303583131896538,6.220826078969587,0.2982741999999999,1.0,0.05,0.92,0.33,0.0,1.0,723.9427702295231,0.08845328513562635,100,0.7,0.6728785923538525,0.49,,,,,0.0,0.0,,,,
own,F16P1_HUMAN_1_338_0,100,1.0,1.0,0.4594432530917599,7.058263911794233,-0.023112200000000048,1.0,0.91,0.99,0.03,0.0,1.0,2064.159730442187,0.05408670430228451,100,1.0,0.9063359135047019,0.898989898989899,,-7.793,-7.678,,0.0,0.0,-5.884,-5.99337,-6.1025,-6.128990000000001
own,PAC_ECOLX_27_846_0,100,1.0,1.0,0.5190797287035478,6.818611551638113,-0.3089053000000001,1.0,0.99,0.99,0.2727272727272727,0.01,0.99,689.1700420406078,0.07075864914151887,100,0.98,0.8657901748010267,0.74,,-6.871,-6.932,,0.0,0.0,-5.2170000000000005,-5.21932,-5.3895,-5.38757
own,PA2B8_DABRR_1_121_0,100,1.0,1.0,0.49690445611095674,6.807319943911282,-0.14684580000000003,1.0,0.49,0.97,0.15,0.0,1.0,1192.7779010099332,0.041903287709290735,100,0.99,0.8890162136566406,0.84,,-3.9,-3.872,,0.0,0.0,-2.4139999999999997,-2.5092899999999996,-2.857,-2.8780999999999994
own,UPPS_ECOLI_1_253_0,100,1.0,1.0,0.6236545212224484,6.9723514239036755,0.7707446000000003,1.0,0.94,0.98,0.47,0.0,1.0,298.3432730624683,0.03446144198719849,100,0.88,0.8738507573571677,0.77,,-7.711,-7.736,,0.0,0.0,-6.184,-6.259760000000003,-6.5425,-6.3785599999999985
own,NAGZ_VIBCH_1_330_0,100,1.0,1.0,0.5252525893182214,6.640458134477769,-0.8136311999999998,1.0,0.12,0.9,0.68,0.0,1.0,533.7232807273064,0.10829680682265051,100,0.57,0.522198740967261,0.49,,-5.324,-5.274,,0.0,0.0,-4.427,-4.4365,-4.7585,-4.77482
own,NOS3_HUMAN_65_480_0__4kcq_A_rec,100,1.0,1.0,0.47385031716266257,7.043341915005962,0.6096761000000004,1.0,0.59,1.0,0.15,0.0,1.0,972.5528537674448,0.029188712216475513,100,1.0,0.8964516752694917,0.91,,-5.3,-5.43,,0.0,0.0,-4.717499999999999,-4.9153400000000005,-5.0205,-5.08132
own,LMBL1_HUMAN_198_526_0__2pqw_A_rec,100,1.0,1.0,0.49734235041377944,6.803930649577052,-1.1325036999999996,1.0,0.8,1.0,0.25510204081632654,0.05,0.99,663.2272344068581,0.05248480051098384,100,0.97,0.8672544546484323,0.71,,-3.697,-3.697,,0.0,0.0,-4.649,-4.588819999999999,-4.772,-4.77574
own,COTA_BACSU_1_513_0,100,1.0,1.0,0.5237692679173191,6.25973150184357,0.5343001,1.0,0.94,0.99,0.26,0.0,1.0,513.9694809290114,0.06358666672307717,100,0.57,0.6586335043053759,0.38,,-4.563,-4.542,,0.0,0.0,-4.317,-4.4670499999999995,-4.5485,-4.62914
own,KS6A3_HUMAN_41_357_0,100,1.0,1.0,0.46437922874322224,7.135038880631291,0.4550098999999998,1.0,0.0,0.95,0.2,0.0,1.0,860.8533807715271,0.12341582865467401,100,0.57,0.37868242630502835,0.17,,-8.532,-8.596,,0.0,0.0,-9.177,-9.09637,-9.192,-9.160210000000001
own,IPMK_HUMAN_49_416_0,100,1.0,1.0,0.478653142565504,6.981996751851269,0.12050839999999984,0.99,0.0,0.97,0.18,0.0,1.0,805.8115704412182,0.11150899433735298,100,0.82,0.5949711915638571,0.5,,,,,0.0,0.0,,,,
own,TRAR_RHIRD_1_234_0,100,1.0,1.0,0.5262036884403484,7.189069661639277,0.3599159,1.0,0.97,1.0,0.04040404040404041,0.08,0.99,1395.0783861232771,0.06021859417018304,100,1.0,0.898666891784824,0.93,,-7.622,-7.597,,0.0,0.0,-9.1085,-9.20109,-9.0565,-9.04598
own,ABL2_HUMAN_274_551_0,100,1.0,1.0,0.5586036214338354,7.262975915855101,1.5132736,1.0,0.98,1.0,0.82,0.0,1.0,518.4725080363133,0.08982609038967829,100,0.23,0.28694708548771486,0.12,,-8.209,-8.216,,0.0,0.0,-8.350000000000001,-8.393239999999999,-8.491,-8.53861
own,NOS2_HUMAN_78_505_0,100,1.0,1.0,0.5318343586480234,6.443809896406578,0.1080623999999999,1.0,1.0,0.98,0.45,0.0,1.0,343.23106167585456,0.023017339320164074,100,0.77,0.8483716135932939,0.69,,-2.539,-2.606,,0.0,0.0,-3.8695000000000004,-3.85122,-4.3165,-4.24409
own,COAA_MYCTU_1_312_0,100,1.0,1.0,0.49868943677099603,6.866039622250359,0.22114170000000002,0.98,0.0,0.99,0.48,0.0,1.0,751.7418638813344,0.09989447388113963,100,0.66,0.5174217637871753,0.35,,-7.296,-7.362,,0.0,0.0,-6.7895,-6.759399999999999,-7.2875,-7.20284
own,TBK1_HUMAN_1_303_0,100,1.0,1.0,0.5584515334900552,7.115289177812308,0.09714369999999993,1.0,0.86,0.99,0.28,0.0,1.0,1034.3187122626282,0.06252951848981829,100,0.76,0.8354587755295225,0.68,,-7.946,-7.963,,0.0,0.0,-6.8035,-6.44163,-7.002000000000001,-6.578289999999999
own,BGL07_ORYSJ_25_504_0,100,1.0,1.0,0.2516880343441475,6.962221425323429,-0.4216893000000001,0.97,0.07,0.79,0.07,0.04,0.99,1800.6840541481706,0.05531375306030037,100,1.0,0.85392221003463,0.95,,-10.768,-10.77,,0.0,0.0,-7.9755,-8.135359999999999,-8.2195,-8.223989999999999
own,PLCD1_RAT_134_756_0,100,1.0,1.0,0.6159522600366168,5.360017214143295,0.4497869000000001,1.0,0.0,0.71,0.84,0.0,1.0,431.03579744277977,0.1220444551872863,100,0.2,0.3322266513627118,0.15,,-5.501,-5.586,,0.0,0.0,-5.295999999999999,-5.25402,-5.955500000000001,-5.843920000000001
own,BGAT_HUMAN_63_353_0,100,1.0,1.0,0.393770817726038,6.434792855738803,-1.3881191000000002,1.0,0.13,0.82,0.08,0.0,1.0,1205.2937665835657,0.0754676839330554,100,1.0,0.821629137650401,0.84,,,,,0.0,0.0,,,,
own,NQO1_HUMAN_2_274_0__1gg5_A_rec,100,1.0,1.0,0.5403738054993501,7.2028564802575135,0.37973910000000005,1.0,0.88,0.95,0.030303030303030304,0.02,0.99,1343.3415133599128,0.0663020570679683,100,0.99,0.8871066532833297,0.9696969696969697,,-5.798,-5.741,,0.0,0.0,-5.7620000000000005,-5.768580000000002,-5.9315,-5.947369999999999
own,ROCO4_DICDI_1009_1292_0,100,1.0,1.0,0.38127153426615573,7.244979274804743,0.46570090000000003,1.0,0.0,0.96,0.08,0.0,1.0,1154.2254787634402,0.10991371382390992,100,0.92,0.6258126886438835,0.52,,,,,0.0,0.0,,,,
own,GLMU_STRPN_2_459_0,100,1.0,1.0,0.49833814607060134,6.836146683866341,-0.0520528,1.0,0.93,0.95,0.14,0.0,1.0,1155.4721268967899,0.04985125323884659,100,1.0,0.9017956044364195,0.797979797979798,,-7.314,-7.322,,0.0,0.0,-3.4805,-3.5344199999999995,-3.9725,-4.03714
own,PYRD_TRYCC_2_314_catalytic_0__2e6d_A_rec,100,1.0,1.0,0.5050204712074521,5.920522323674432,-0.5685023000000001,1.0,1.0,0.97,0.696969696969697,0.0,1.0,232.6641818048288,0.0975311133895961,100,0.55,0.7790610945233843,0.4,,-4.835,-4.8,,0.0,0.0,-5.8085,-5.585059999999999,-6.1335,-5.88073
own,AROE_THET8_1_263_0,100,1.0,1.0,0.5007384290702709,5.914796423176348,-0.5625701000000001,1.0,0.97,0.94,0.77,0.0,1.0,222.62669531281193,0.08369482250617781,100,0.55,0.7785576149573162,0.39,,-5.533,-5.587,,0.0,0.0,-5.257,-5.19286,-5.4705,-5.33058
own,GSTP1_HUMAN_2_210_0,100,1.0,1.0,0.6980457123767377,6.401353002965859,1.0817412999999998,1.0,0.68,0.35,0.72,0.0,1.0,178.59759962871868,0.10909514560407586,100,0.07,0.14124636663609913,0.07,,-7.102,-7.094,,0.0,0.0,-6.8420000000000005,-6.80957,-7.2265,-7.19686
own,CDK6_HUMAN_1_312_0__2f2c_B_rec,100,1.0,1.0,0.6563759740400762,6.325451086038791,0.46724589999999977,1.0,1.0,0.19,0.98,0.0,1.0,180.04285647029405,0.07494337769721066,100,0.49,0.6456872038011827,0.49,,-7.547,-7.523,,0.0,0.0,-8.158999999999999,-8.174159999999999,-8.373999999999999,-8.37609
own,DIDH_RAT_1_319_0,100,1.0,1.0,0.6185968619018255,7.283651957739108,0.7003819999999998,1.0,0.95,0.98,0.25,0.0,1.0,701.4801472576416,0.05362088486503022,100,0.92,0.8739727747479846,0.89,,-8.816,-8.838,,0.0,0.0,-6.6345,-6.517340000000001,-6.83,-6.86264
own,NEP_HUMAN_54_750_0,100,1.0,1.0,0.43147824497653997,7.121232748336037,-0.6025839,1.0,0.44,1.0,0.13131313131313133,0.04,0.98,1073.825937954795,0.06081766303232014,100,0.97,0.8165825764337877,0.66,,-8.689,-8.651,,0.0,0.0,-7.207,-7.36597,-7.5365,-7.66259
own,NOS1_HUMAN_302_723_0__3tym_A_rec,100,1.0,1.0,0.48737646966587833,7.037098576918932,0.7026600000000001,1.0,0.65,0.96,0.21,0.0,1.0,908.2882026681852,0.023930811006482217,100,0.95,0.8473151219680317,0.74,,-6.362,-6.564,,0.0,0.0,-4.4855,-4.4410300000000005,-4.8580000000000005,-4.80926
own,XANLY_BACGL_26_777_0,100,1.0,1.0,0.46938187540360027,6.419033126581422,-0.9922921000000001,1.0,0.68,0.87,0.32323232323232326,0.0,1.0,626.5458465641655,0.070989700737811,100,0.99,0.8602010516385736,0.82,,-6.218,-6.287,,0.0,0.0,-4.965,-5.074259999999999,-5.3655,-5.358099999999999
own,CDK6_HUMAN_1_312_0__4aua_A_rec,100,1.0,1.0,0.5477864983106154,7.031433600270219,-0.06881899999999992,1.0,0.96,0.98,0.2222222222222222,0.0,1.0,858.7407442880383,0.05171057015965122,100,0.91,0.8960744426626,0.86,,0.736,-2.224,,0.0,0.0,-5.984500000000001,-6.26342,-6.0954999999999995,-6.3388
own,PA21B_PIG_23_146_0,100,1.0,1.0,0.5869897453647632,6.543682761227145,0.3241593,1.0,0.97,0.99,0.72,0.02,0.99,481.3403120839225,0.059824433683609735,100,0.83,0.6129016194054462,0.58,,,,,0.0,0.0,,,,
own,NOS3_HUMAN_65_480_0__1rs9_A_rec,100,1.0,1.0,0.4985644221610498,6.797745136819008,-0.32020170000000014,1.0,1.0,0.99,0.36363636363636365,0.0,1.0,430.928182185872,0.017758557276550797,100,1.0,0.889595567099319,0.76,,-3.024,-3.087,,0.0,0.0,-3.7880000000000003,-3.77823,-4.044499999999999,-3.9716800000000005
own,FKB1A_HUMAN_2_108_0,100,1.0,1.0,0.2411730391281863,7.317103810985467,0.23295199999999988,1.0,0.11,1.0,0.06,0.0,1.0,1392.1034374871028,0.05790250628876398,100,0.82,0.5945284368162966,0.77,,-7.352,-7.347,,0.0,0.0,-5.8165,-5.97804,-6.166,-6.11466
own,HDAC8_HUMAN_1_377_0,100,1.0,1.0,0.3865426357251526,7.123526926015721,-0.22198170000000012,1.0,0.73,0.98,0.0,0.0,1.0,2419.967438368263,0.03085566198978118,100,1.0,0.8876187024001752,0.75,,,,,0.0,0.0,,,,
own,EXG1_CANAL_41_438_0,100,1.0,1.0,0.48113785401311715,6.140361825837606,-0.6914214999999999,1.0,1.0,0.82,0.94,0.0,1.0,167.64228045543828,0.029657346960585015,100,0.12,0.2588854030066131,0.12,,,,,0.0,0.0,,,,
own,PTGIS_HUMAN_20_500_0,100,1.0,1.0,0.6659359808295799,6.717467737617324,0.04684770000000012,1.0,0.92,0.99,0.49,0.0,1.0,454.41594195099947,0.024162253276403475,100,0.8,0.7883506207613266,0.69,,-4.367,-4.468,,0.0,0.0,-4.418,-4.471360000000001,-4.8825,-4.8067
own,RG1_RAUSE_1_513_0,100,1.0,1.0,0.3913299225178911,6.742511435584314,-0.5063105,1.0,0.28,0.8,0.14,0.0,1.0,1823.0704278836859,0.06328020189130763,100,0.94,0.8623203409565541,0.83,,-8.156,-8.283,,0.0,0.0,-6.622,-6.5514285714285725,-6.6355,-6.540591836734693
own,M3K14_HUMAN_321_678_0,100,1.0,1.0,0.5505316426011779,7.0968665767965184,-0.04851220000000006,1.0,0.97,1.0,0.2653061224489796,0.01,0.99,602.1838157963149,0.08130190830719661,100,0.69,0.7620529649772081,0.61,,-4.781,-4.766,,0.0,0.0,-7.291499999999999,-7.0246,-6.9825,-6.717780000000001
own,EFTU1_ECOLI_2_178_0,100,1.0,1.0,0.46707340064115116,6.610822122326322,-0.5491885,1.0,0.0,1.0,0.61,0.0,1.0,711.3802848699025,0.11309383045251357,100,0.41,0.5117428120623673,0.3,,,,,0.0,0.0,,,,
own,AKT1_HUMAN_1_137_0,100,1.0,1.0,0.3417677852685836,7.172780391514282,0.2917494000000001,1.0,0.54,0.91,0.01,0.0,1.0,2417.8089980437185,0.03473595505566798,100,1.0,0.8977753761584094,0.97,,-14.151,-14.334,,0.0,0.0,-7.6685,-7.956880000000001,-7.4815000000000005,-7.922459999999998
own,CONA_CANCT_1_237_0,100,1.0,1.0,0.5547927254970756,6.133189566745005,-0.059051400000000115,1.0,0.89,0.9,0.76,0.0,1.0,431.3167539587952,0.1236039424960007,100,0.38,0.4174874765505592,0.33,,-5.215,-5.254,,0.0,0.0,-5.285,-5.1700099999999996,-5.471500000000001,-5.3600200000000005
own,VAOX_PENSI_1_560_0,100,1.0,1.0,0.6248580665413326,6.7088050176432485,0.16289669999999976,1.0,0.0,0.99,0.92,0.0,1.0,340.5037951992418,0.12796997949031264,100,0.26,0.29335554895862104,0.15,,-9.531,-9.555,,0.0,0.0,-8.556999999999999,-8.518969999999998,-9.07,-8.988869999999999
own,CHIB_SERMA_1_499_0__4z2g_A_rec,100,1.0,1.0,0.0719174118181091,7.173614044309519,-1.1304595,1.0,0.02,1.0,0.38,0.0,1.0,1443.6903285854187,0.07120252396827859,100,0.98,0.6426403062485369,0.39,,-7.488,-7.594,,0.0,0.0,-5.7355,-6.135949999999999,-6.109999999999999,-6.447140000000002
own,DPP2_HUMAN_27_492_0,100,1.0,1.0,0.5748855968439865,7.020938287360655,0.13023289999999998,1.0,0.99,0.98,0.40404040404040403,0.0,1.0,376.58300102956235,0.04003939106498656,100,0.92,0.8956144023764829,0.75,,-4.81,-4.809,,0.0,0.0,-5.593,-5.619979999999998,-5.85,-5.908970000000002
own,HMD_METJA_1_358_0,100,1.0,1.0,0.2756493718605128,6.952046594563269,-1.2082793,0.7,0.0,0.84,0.3333333333333333,0.0,1.0,928.3237090488901,0.10134413639157051,100,0.97,0.7125526950948751,0.93,,-9.087,-9.415,,0.0,0.0,-7.9995,-7.80997,-8.268,-7.998660000000001
own,IDHP_HUMAN_40_452_0,100,1.0,1.0,0.4577825459574829,7.167903759844676,0.7466331000000003,1.0,0.67,0.96,0.04081632653061224,0.16,0.94,2345.9833070150403,0.04456378760125472,100,1.0,0.8975936221588235,0.97,,,,,0.0,0.0,,,,
own,CHIB_SERMA_1_499_0__1h0i_A_rec,100,1.0,1.0,0.480464254186684,6.6845409420226245,-0.5553400000000001,1.0,0.98,0.99,0.15,0.03,0.99,728.0766940430105,0.04094651754938042,100,0.98,0.8929071429715362,0.85,,,,,0.0,0.0,,,,
own,PNTM_STRAE_2_398_0,100,1.0,1.0,0.5547345277724463,7.062890932697119,-0.08370300000000017,1.0,0.99,1.0,0.43,0.0,1.0,505.78156692398716,0.08518647667860403,100,0.82,0.7808941951409334,0.75,,,,,0.0,0.0,,,,
own,RIBB_VIBCH_2_218_0,100,1.0,1.0,0.4688044874082687,5.387263302175654,-0.08199230000000003,1.0,0.01,0.99,0.92,0.0,1.0,307.35476093642706,0.13646531762810832,100,0.11,0.28281094680228136,0.01,,,,,0.0,0.0,,,,
own,NQO1_HUMAN_2_274_0__1dxo_C_rec,100,1.0,1.0,0.4163998432316292,6.565103969972157,-0.6238130000000001,1.0,0.38,0.91,0.09183673469387756,0.0,1.0,1058.8094224839374,0.04866289979854552,100,1.0,0.8727442061840183,0.72,,-3.341,-3.251,,0.0,0.0,-1.9845000000000002,-2.0221299999999998,-3.0875,-3.0101400000000003
own,CHIA_SERMA_19_563_0,100,1.0,1.0,0.4066932356401932,7.629219454281636,0.16181249999999994,1.0,1.0,1.0,0.97,0.0,1.0,100.21820128289446,0.07575737639553429,100,0.09,0.4249326526760151,0.06,,,,,0.0,0.0,,,,
own,DFPA_LOLVU_2_314_0,100,1.0,1.0,0.6211259748828113,7.347478806204225,0.8626002999999995,1.0,0.99,1.0,0.82,0.0,1.0,175.86108280599078,0.11316115881890061,100,0.21,0.30381745366724433,0.17,,-6.005,-5.998,,0.0,0.0,-6.033,-5.8701,-6.222,-6.093249999999999
own,TIAM1_HUMAN_840_931_0,100,1.0,1.0,0.4530537232674889,6.259580936654702,-0.9124040000000001,1.0,0.57,0.88,0.11,0.0,1.0,934.3986019113078,0.03943273933454971,100,1.0,0.8574514745968055,0.71,,-3.822,-3.764,,0.0,0.0,-2.458,-2.34449,-3.0685000000000002,-3.01759
own,P2Y12_HUMAN_1_342_0,100,1.0,1.0,0.39442738445249853,7.126984322711533,0.5976704,1.0,0.52,0.96,0.12244897959183673,0.0,1.0,1711.6442309737638,0.05190493164505686,100,1.0,0.8959418105293474,0.88,,-10.428,-10.513,,0.0,0.0,-7.5365,-7.603839999999999,-7.3385,-7.479279999999999
own,CPXB_BACMB_2_464_0,100,1.0,1.0,0.5090817625927739,7.128943962443876,0.9256554000000001,1.0,0.84,0.99,0.19387755102040816,0.0,1.0,810.5402670417811,0.0442308558316667,100,1.0,0.8833694909945674,0.73,,-6.203,-6.176,,0.0,0.0,-6.858499999999999,-6.992629999999999,-7.1135,-7.266569999999999
own,ACE_HUMAN_650_1230_0,100,1.0,1.0,0.48215273394187996,5.231525210022759,-0.7734009000000002,1.0,1.0,1.0,1.0,0.0,1.0,85.27231885019873,0.10714285714285715,100,0.02,0.09888888888888892,0.01,,-4.487,-4.446,,0.0,0.0,-3.745,-3.7719099999999997,-4.184,-4.157590000000001
own,BAZ2A_HUMAN_1795_1898_0,100,1.0,1.0,0.5700839409746652,7.102474451106583,0.2388311999999999,1.0,0.94,0.95,0.05,0.0,1.0,1071.5049405406062,0.05909997944816589,100,0.87,0.8849644727890765,0.81,,-4.114,-4.138,,0.0,0.0,-4.7595,-4.72164,-4.946,-4.83696
own,BTRN_BACCI_2_250_0,100,1.0,1.0,0.5264830599770095,6.81242813683667,-1.1918150000000003,1.0,0.06,0.97,0.46,0.0,1.0,727.9872898526713,0.08989112123121515,100,0.73,0.5778807681282823,0.36,,-8.326,-8.494,,0.0,0.0,-7.7385,-7.614749999999999,-8.051,-7.861139999999999
own,CD38_HUMAN_44_300_0,100,1.0,1.0,0.40284372644914085,6.7457082802863315,-0.24043260000000008,0.99,0.01,0.87,0.11,0.0,1.0,887.4503435080637,0.05517792680484437,100,0.69,0.6559700731886658,0.44,,-9.943,-9.841,,0.0,0.0,-7.3145,-7.128150000000001,-7.4795,-7.301280000000002
own,BACE2_HUMAN_76_460_0,100,1.0,1.0,0.3573180141746883,6.8983250944350765,0.5065123000000002,1.0,0.48,0.96,0.46,0.0,1.0,833.9280586485552,0.046081572522410734,100,0.88,0.7701604485759631,0.84,,,,,0.0,0.0,,,,
own,PHP_SULSO_1_314_0,100,1.0,1.0,0.437479535675521,6.80629644456384,0.10377829999999992,1.0,0.92,1.0,0.8,0.0,1.0,388.78810999552456,0.035789490056746545,100,0.45,0.5979009401972705,0.15,,,,,0.0,0.0,,,,
own,NOS1_HUMAN_302_723_0__4d7o_A_rec,100,1.0,1.0,0.45530589797535576,6.93030464094381,-0.34076379999999995,1.0,0.48,0.93,0.13131313131313133,0.0,1.0,1278.3025282174244,0.021847295788020093,100,1.0,0.8852992437660265,0.97,,-5.881,-6.164,,0.0,0.0,-4.6335,-4.6011500000000005,-4.8945,-4.993539999999999
own,QPCT_HUMAN_33_361_0,100,1.0,1.0,0.4656116985436459,6.660479427080498,-1.0794617000000002,1.0,1.0,0.99,0.7,0.0,1.0,182.06941433607838,0.026010174549195377,100,0.28,0.7211380060039596,0.13,,-5.434,-5.419,,0.0,0.0,-4.008,-4.12694,-4.463,-4.56352
own,PAK4_HUMAN_291_591_ATP_0,100,1.0,1.0,0.7706927171826972,7.446898554012128,-0.051895800000000006,1.0,1.0,1.0,0.99,0.0,1.0,279.3881445101338,0.11879968701095463,100,0.04,0.2078868915145864,0.04,,-7.77,-7.668,,0.0,0.0,-7.3095,-7.289019999999999,-7.6625,-7.623570000000001
own,BAPA_SPHXN_30_402_0,100,1.0,1.0,0.5174065861125201,7.056962417816989,0.04548279999999995,1.0,0.75,0.91,0.09183673469387756,0.07,0.98,1169.3545511373745,0.04564038540357225,100,0.97,0.9034736158896208,0.88,,,,,0.0,0.0,,,,
own,ATS5_HUMAN_262_480_0,100,1.0,1.0,0.4828736090100689,7.11345412465908,-0.4995572,1.0,0.83,1.0,0.12,0.03,0.99,1095.0277482011718,0.046132715195260736,100,0.98,0.8324619167729952,0.89,,-7.591,-7.975,,0.0,0.0,-6.776999999999999,-6.62519,-7.0615,-7.03685
own,TNKS2_HUMAN_948_1162_0,100,1.0,1.0,0.4298025582116648,7.181924004587345,0.1642296,1.0,0.69,0.98,0.020833333333333332,0.19,0.99,2890.7293072074167,0.056360648924490206,100,1.0,0.898967002817856,0.97,,-12.255,-12.212,,0.0,0.0,-8.491,-8.400520000000002,-8.511,-8.37891
own,OLIAC_CANSA_1_101_0,100,1.0,1.0,0.6206732307509204,6.440356575942901,0.4177883,1.0,1.0,1.0,0.82,0.0,1.0,283.74926107045826,0.07424836296153281,100,0.43,0.6294955697560125,0.21,,,,,0.0,0.0,,,,
own,GRK4_HUMAN_1_578_0,100,1.0,1.0,0.4809875809110071,7.00720849342316,0.37943639999999995,1.0,0.0,0.94,0.21,0.0,1.0,928.3420364210881,0.11491332790784645,100,0.83,0.5743502535560127,0.4,,-6.741,-6.829,,0.0,0.0,-6.2875,-6.2148400000000015,-6.5745000000000005,-6.499689999999999
own,SDIA_ECOLI_1_171_0,100,1.0,1.0,0.513802502276887,6.779382042719081,-0.8079539999999998,1.0,0.94,0.99,0.42424242424242425,0.0,1.0,595.600025732998,0.05137062784115767,100,0.94,0.8102788271500437,0.68,,-5.641,-5.766,,0.0,0.0,-6.8055,-7.09505,-6.944,-7.2158299999999995
own,Y635_MYCTU_1_158_0,100,1.0,1.0,0.5402891213298123,7.066811609574785,0.433246,1.0,0.95,0.99,0.1919191919191919,0.01,0.99,1070.8734310249995,0.04941231487382167,100,1.0,0.8970889576574544,0.86,,-8.665,-8.632,,0.0,0.0,-7.3055,-7.26618,-7.207000000000001,-7.298919999999999
own,PHKG1_RABIT_6_296_ATPsite_0,100,1.0,1.0,0.44749198532072837,7.172171414657816,0.7222196,1.0,0.0,0.99,0.14,0.0,1.0,963.106129646624,0.11028220874493216,100,0.78,0.423407717874264,0.32,,-7.398,-7.99,,0.0,0.0,-7.8420000000000005,-7.902310000000001,-8.182500000000001,-8.207469999999999
own,PYRD_TRYCC_2_314_catalytic_0__3w83_B_rec,100,1.0,1.0,0.5204071376104171,6.656847763902507,-0.09784180000000008,1.0,1.0,1.0,0.7878787878787878,0.0,1.0,141.80599358438852,0.03153587518587451,100,0.42,0.7342090142679294,0.38,,-2.969,-3.129,,0.0,0.0,-4.5365,-4.54322,-4.956,-4.85872
own,MCCF_ECOLX_1_344_0,100,1.0,1.0,0.3112734690428626,6.953825912198011,-1.2880355999999997,0.99,0.06,0.93,0.12121212121212122,0.0,1.0,1313.3544488433301,0.06897823663601325,100,1.0,0.8698570522973152,0.94,,,,,0.0,0.0,,,,
own,POL_FOAMV_861_1060_0,100,1.0,1.0,0.4194321487978793,7.104346642000382,0.4920557000000002,1.0,0.57,0.97,0.02,0.0,1.0,1576.9921872371735,0.04936080517563059,100,1.0,0.8912191954824418,1.0,,,,,0.0,0.0,,,,
own,CAT_ECOLX_1_219_0,100,1.0,1.0,0.546249580821093,6.117030712441714,1.0133208999999999,1.0,1.0,1.0,0.32,0.0,1.0,505.1967593991525,0.1572553457482465,100,0.24,0.28628000435850554,0.12,,-6.342,-6.328,,0.0,0.0,-5.965,-5.971020000000001,-6.2364999999999995,-6.251320000000001
own,TNKS1_HUMAN_1099_1319_0,100,1.0,1.0,0.32200424846113,7.3058339022892085,0.3266157000000002,1.0,0.27,0.94,0.010101010101010102,0.02,0.99,2301.0080716978546,0.04823060629024947,100,1.0,0.8970627455291009,0.95,,-15.025,-14.989,,0.0,0.0,-8.4775,-8.665679999999998,-8.42,-8.765979999999999
own,AK1BA_HUMAN_1_316_0,100,1.0,1.0,0.5265927850173032,7.095737863523999,0.5000896000000001,1.0,1.0,0.68,0.53,0.0,1.0,300.596059135146,0.07053569825848932,100,0.37,0.4571949592167476,0.36,,,,,0.0,0.0,,,,
own,LMBL1_HUMAN_198_526_0__2rhy_A_rec,100,1.0,1.0,0.3820123364039019,6.502023798060971,-1.192466,1.0,1.0,1.0,0.22,0.0,1.0,316.35934117565927,0.056162121482272544,100,0.54,0.7488178322938925,0.17,,-2.888,-2.816,,0.0,0.0,-2.8804999999999996,-2.876709999999999,-3.0955,-3.0845599999999997
own,NPD_THEMA_1_246_0,100,1.0,1.0,0.5612017023420509,6.439295312665012,-0.6920498,1.0,0.71,0.9,0.1919191919191919,0.0,1.0,759.3701990940555,0.04704243646846274,100,0.86,0.8401043000107404,0.76,,,,,0.0,0.0,,,,
own,SIR3_HUMAN_117_398_0,100,1.0,1.0,0.5053707944778136,7.179254673913813,0.3865212000000001,1.0,0.82,0.97,0.07,0.0,1.0,1286.260984032614,0.056126227903300435,100,1.0,0.9010433432820232,0.98,,,,,0.0,0.0,,,,
own,PPIA_HUMAN_1_165_0,100,1.0,1.0,0.5543324991663542,6.868882360932609,-0.3950493999999997,1.0,0.98,1.0,0.84,0.0,1.0,314.3719322328275,0.07792578698123608,100,0.21,0.3383007281637225,0.12,,-5.686,-5.88,,0.0,0.0,-5.4015,-5.391869999999999,-5.678,-5.698499999999999
own,ODBB_THET8_1_324_0,100,1.0,1.0,0.5627969067507369,7.283988556573156,1.8997949999999995,1.0,0.05,0.99,0.54,0.0,1.0,570.0214608023962,0.10156629697817193,100,0.36,0.39420294508654996,0.16,,-9.046,-9.036,,0.0,0.0,-9.850999999999999,-9.777809999999999,-10.4205,-10.267959999999999
own,DYRK2_HUMAN_145_550_0,100,1.0,1.0,0.5588468026013063,7.037230894641868,2.0530942,1.0,0.99,0.99,0.81,0.0,1.0,319.6739637601519,0.08760039090235655,100,0.31,0.5178600727937286,0.21,,-8.83,-8.824,,0.0,0.0,-8.5005,-8.506649999999999,-8.7665,-8.790849999999999
own,MURA_ECOLI_1_419_catalytic_0,100,1.0,1.0,0.5292671976888704,6.333314415254426,-0.9317036000000001,1.0,0.05,0.94,0.2222222222222222,0.0,1.0,874.8779242675482,0.09428077444399058,100,0.81,0.75050405480823,0.78,,-6.997,-7.012,,0.0,0.0,-6.4455,-6.430750000000001,-6.9005,-6.7621199999999995
own,SQHC_ALIAD_1_631_0,100,1.0,1.0,0.31239642490724623,7.021539342433844,-0.5116512,0.96,0.12,0.7,0.02,0.02,0.98,1493.1129083883952,0.06493151514407451,100,0.99,0.7954201128519751,0.71,,-11.36,-11.395,,0.0,0.0,-9.133500000000002,-8.978459999999998,-9.021,-8.842360000000001
own,HDHA_ECOLI_1_255_0,100,1.0,1.0,0.4860991208954318,6.899765614672329,-0.9860082999999997,1.0,0.53,0.98,0.13,0.04,0.99,1133.060746647296,0.06017424860660689,100,1.0,0.8910538132146579,0.898989898989899,,-9.723,-9.795,,0.0,0.0,-6.435499999999999,-6.479000000000001,-6.4695,-6.61493
own,DHAK_ECOLI_1_356_0,100,1.0,1.0,0.45084092794169406,6.563378963559729,-0.5143428,1.0,0.98,1.0,0.43,0.01,0.99,346.2687461134377,0.07278017130601339,100,0.94,0.871730965908109,0.44,,-2.459,-2.478,,0.0,0.0,-3.1864999999999997,-3.08892,-3.371,-3.2603600000000004
own,NR1H4_HUMAN_258_486_0,100,1.0,1.0,0.3460044803237507,7.35895464582997,0.4433108999999999,1.0,0.97,1.0,0.02,0.0,1.0,928.1052595588457,0.12188631831532103,100,0.5,0.4700371805723754,0.39,,,,,0.0,0.0,,,,
